Country,中国,泰国,印度尼西亚,越南,柬埔寨,奥地利,比利时,瑞士,捷克,德国,丹麦,西班牙,爱沙尼亚,芬兰,法国,英国,希腊,爱尔兰,冰岛,意大利,卢森堡,荷兰,挪威,波兰,葡萄牙,斯洛伐克,斯洛文尼亚,瑞典,塞浦路斯,克罗地亚,立陶宛,拉脱维亚,俄罗斯,保加利亚,白俄罗斯,匈牙利,哈萨克斯坦,马其顿,黑山,罗马尼亚,塞尔维亚,土耳其,亚美尼亚,格鲁吉亚,科索沃,摩尔多瓦,乌克兰,吉尔吉斯,塔吉克斯坦,巴基斯坦,马耳他,乌拉圭,阿根廷,巴西,哥伦比亚,哥斯达黎加,多米尼加,厄瓜多尔,墨西哥,巴拿马,秘鲁,玻利维亚,危地马拉,洪都拉斯,巴拉圭,萨尔瓦多,南非
中国,1.472412698412697,0.574690476190476,-1.137999999999999,0.961833333333334,0.9905349206349174,0.13619047619047578,0.0303809523809515,0.06847619047618991,0.04209523809523885,-0.32338095238095305,-0.5081904761904752,-0.3505714285714285,-1.021847619047618,0.23295238095238066,0.5163333333333345,0.19209523809523738,-0.7398571428571419,-0.2394761904761903,0.37480952380952176,-0.12666666666666615,0.01752380952380973,-0.10861904761904825,-0.5574761904761905,0.20728571428571407,-0.16400000000000067,-0.23909523809523814,-0.23541904761904597,-0.32957142857142824,-1.4037142857142848,0.3929793650793642,-0.8362190476190476,-0.025071428571429587,-0.2725238095238098,-0.7266190476190474,0.5966666666666668,-1.4908380952380937,-0.027809523809523784,2.0269452380952333,-0.6180476190476186,0.05261904761904635,-0.7613333333333324,-0.7812857142857149,-0.9944285714285704,0.5216190476190481,1.6013333333333317,1.6414285714285701,0.1719047619047618,0.5003809523809504,-0.03479841269841297,-0.3045000000000002,0.23657142857142793,1.3445285714285695,0.8218571428571427,0.464428571428572,0.8822857142857132,0.23504761904761987,0.5298095238095226,0.8510476190476193,-0.3081190476190451,0.3227619047619054,0.8329047619047608,0.04921428571428658,1.650080952380953,0.36733333333333285,0.4607619047619047,0.7653809523809516,-0.2484142857142862
泰国,0.574690476190476,3.88745238095238,-6.833904761904762,0.5242380952380938,3.7459333333333324,-1.1192857142857142,0.5289047619047629,1.3877142857142841,0.9902857142857145,-0.41209523809523907,-2.0908571428571414,-3.0772857142857157,1.5024547619047623,0.4140714285714276,-1.7475238095238086,1.799690476190475,-1.6830000000000005,0.40923809523809607,0.5656666666666667,-0.17988095238095445,-1.3101428571428582,1.4221904761904758,2.1484285714285725,1.263071428571429,2.43852380952381,0.5031428571428579,1.9377523809523827,-2.0703095238095233,-3.6586666666666665,-1.389831547619048,-1.19407857142857,0.502892857142859,-1.1060476190476194,-3.452047619047618,1.6514285714285704,-0.7732809523809504,6.411142857142854,0.003013095238094748,-1.151238095238095,-4.922857142857143,3.7574047619047612,1.2093809523809511,4.111809523809524,-0.6140000000000013,1.1527142857142858,5.899642857142854,3.9785714285714264,3.308666666666664,1.9911000000000014,0.735214285714287,-1.0034761904761904,3.8744238095238086,7.460285714285714,4.248547619047618,2.4513571428571397,0.27007142857142635,3.9466190476190484,6.916690476190473,3.4356190476190482,3.9364047619047593,5.7586428571428545,9.400071428571424,2.9078416666666653,3.4630238095238095,3.3820952380952374,6.296404761904761,-1.531204761904763
印度尼西亚,-1.137999999999999,-6.833904761904762,14.122666666666664,-1.356047619047616,-6.489585714285711,1.8864285714285718,-0.7412380952380963,-2.6838571428571396,-1.9072857142857143,1.3039047619047635,3.716857142857141,5.924000000000001,-3.382138095238097,-0.713285714285712,2.7394761904761906,-3.945380952380951,3.8832857142857167,-0.3889047619047612,-0.5224761904761895,0.18476190476190885,3.1268571428571432,-2.7132380952380943,-3.3874285714285732,-1.8145714285714272,-4.281047619047622,-0.9008571428571446,-4.851733333333338,4.04247619047619,6.893619047619043,2.349444047619047,3.0477000000000003,-0.37057142857143105,3.4812380952380995,6.530523809523808,-4.336428571428573,3.015533333333331,-12.215571428571428,1.3952166666666732,2.2577619047619035,10.35714285714286,-6.087809523809523,-2.2443333333333304,-7.8451904761904725,0.24842857142857067,-1.7395714285714279,-11.247857142857137,-6.98285714285714,-4.53933333333333,-3.4772523809523834,-0.5888571428571431,1.7542380952380952,-7.24710476190476,-15.312285714285713,-8.323380952380953,-5.053357142857141,-1.0891428571428545,-6.768666666666665,-13.407095238095234,-6.943880952380958,-7.688380952380949,-10.532714285714283,-18.070571428571423,-6.005233333333333,-4.305619047619047,-7.5167619047619025,-12.982666666666665,4.659530952380959
越南,0.961833333333334,0.5242380952380938,-1.356047619047616,1.2860238095238086,0.09582619047618836,-0.047499999999998786,0.10604761904761842,-0.028000000000000302,0.2674285714285711,-0.4628095238095244,-0.2958571428571417,-0.41371428571428437,-0.17622380952381111,0.1262142857142853,0.272476190476193,0.3868333333333318,-0.7222857142857142,0.1170952380952372,-0.6632619047619052,0.1651190476190476,-0.5726428571428557,-0.15780952380952504,-0.12121428571428754,0.2555714285714277,0.1099523809523782,0.3477857142857134,0.4502523809523807,-0.46459523809523723,-1.2561666666666647,-0.2184714285714278,-0.9399000000000001,-0.2727142857142863,-0.8542619047619043,-1.019404761904761,0.5524999999999999,-0.6560666666666687,0.7432857142857108,0.24631666666666785,-0.802666666666665,-1.3774999999999975,0.41919047619047245,-0.11847619047619344,0.2675238095238058,0.41171428571428725,1.082714285714284,1.1946428571428553,0.17749999999999788,-0.09740476190476391,0.06400476190476055,-0.3144285714285722,-0.01311904761904652,1.123280952380951,1.2581428571428541,0.684619047619046,0.09264285714285747,0.10650000000000162,0.6444761904761888,0.9102619047619024,0.34169047619047377,0.48783333333333107,0.7079285714285696,0.3893571428571397,1.017323809523811,0.10516666666666565,0.8935238095238072,0.997833333333331,-0.4904666666666682
柬埔寨,0.9905349206349174,3.7459333333333324,-6.489585714285711,0.09582619047618836,9.228565396825395,-0.9308571428571424,1.0870142857142853,2.2841571428571403,0.4420904761904759,0.4260666666666656,-2.582580952380953,-2.994604761904763,-0.7385942857142845,0.9629619047619042,-2.115819047619048,2.335114285714287,-1.7404619047619039,-0.28844761904761845,3.005528571428572,-1.5742619047619069,-1.6756523809523793,1.9800904761904765,1.9543714285714293,1.57084761904762,2.102766666666669,-0.7172666666666684,-0.41776809523809494,-1.8199333333333334,-4.686347619047616,-0.5971016666666661,-0.761831428571431,1.8175952380952378,0.9205571428571402,-1.8043952380952346,2.2767619047619054,-1.718300476190476,5.7763142857142835,4.810209999999998,-1.267638095238094,-1.0678333333333312,2.3201047619047603,-0.37698571428571637,2.3881285714285703,-1.2454095238095249,2.807942857142856,7.544642857142854,4.683452380952382,7.345871428571429,2.397305873015876,1.3776452380952424,-0.7325571428571434,6.19804571428571,7.170161904761905,3.971895238095238,5.922759523809522,0.4167904761904736,4.581909523809523,8.361342857142857,2.4863071428571506,3.289538095238096,7.4521952380952365,11.003314285714287,4.353009285714285,4.024590476190474,4.168433333333333,5.3905380952380995,0.5077716666666673
奥地利,0.13619047619047578,-1.1192857142857142,1.8864285714285718,-0.047499999999998786,-0.9308571428571424,0.5271428571428575,-0.11857142857142888,-0.392142857142857,-0.3242857142857143,3.286154417364309e-16,0.5628571428571428,0.9800000000000008,-0.7648571428571431,-0.07428571428571407,0.6950000000000003,-0.46714285714285675,0.3271428571428578,-0.18499999999999994,-0.023571428571429052,-0.029285714285714054,0.43357142857142844,-0.4507142857142858,-0.7928571428571434,-0.32857142857142846,-0.9114285714285719,-0.30714285714285766,-0.6941428571428576,0.5964285714285714,0.9814285714285713,0.5567321428571428,0.5095714285714289,-0.2285714285714294,0.3371428571428574,0.893714285714285,-0.4642857142857145,-0.4140000000000005,-2.523571428571429,0.5983928571428571,0.3664285714285714,1.7692857142857152,-1.6035714285714286,-0.6935714285714288,-1.69,0.23500000000000024,-0.07857142857142847,-1.587142857142857,-1.2721428571428568,-0.8085714285714278,-0.6600238095238099,-0.320357142857143,0.4621428571428571,-0.8579285714285707,-2.2857142857142865,-1.279285714285714,-0.4796428571428568,0.10071428571428631,-0.9907142857142857,-1.9935714285714288,-1.2685714285714287,-1.1885714285714284,-1.6949999999999996,-3.1264285714285713,-0.6657857142857143,-1.3378571428571435,-1.205714285714285,-1.8121428571428584,0.36917857142857297
比利时,0.0303809523809515,0.5289047619047629,-0.7412380952380963,0.10604761904761842,1.0870142857142853,-0.11857142857142888,0.5569523809523805,0.31957142857142823,0.09228571428571447,0.12038095238095156,-0.48900000000000066,-0.27614285714285863,-0.421076190476189,0.13614285714285698,-0.35161904761904794,0.3910952380952384,-0.24971428571428556,0.07676190476190531,0.4503333333333328,-0.26976190476190537,-0.3475714285714287,0.22823809523809552,1.033142857142858,0.4945714285714284,0.32604761904761936,0.08514285714285708,-0.5970523809523794,-0.15104761904761962,-0.748619047619048,-0.31527738095238167,0.5073714285714275,0.49357142857142766,0.34376190476190294,-0.4796666666666668,-0.16214285714285653,0.23739523809523794,0.8005714285714306,0.6249261904761892,-0.22276190476190474,-0.7978571428571444,1.1199523809523821,0.08004761904761917,1.1194761904761916,-0.44414285714285706,0.588857142857142,0.9071428571428577,0.5600000000000007,1.278619047619047,0.4745380952380957,0.3806428571428577,-0.09995238095238135,1.0925333333333338,0.6415714285714303,0.389095238095239,0.2488571428571427,-0.2480000000000001,0.6808095238095243,1.0828095238095248,0.22959523809523988,0.20909523809523875,0.7798571428571439,1.0702142857142884,-0.10594523809523806,0.7291904761904766,0.2431904761904774,0.5019523809523825,0.43074285714285593
瑞士,0.06847619047618991,1.3877142857142841,-2.6838571428571396,-0.028000000000000302,2.2841571428571403,-0.392142857142857,0.31957142857142823,0.795999999999998,0.3001428571428569,-0.008428571428571806,-0.8875714285714273,-1.1811428571428562,0.4235428571428573,0.23185714285714218,-0.7261428571428568,0.9215714285714278,-0.7354285714285709,-0.06871428571428555,0.68342857142857,-0.3228571428571435,-0.6918571428571422,0.7515714285714278,0.9274285714285712,0.5367142857142854,0.9005714285714287,-0.0005714285714282936,0.5059000000000001,-0.6884285714285707,-1.4138571428571407,-0.40694999999999953,-0.19791428571428615,0.4371428571428569,-0.10814285714285833,-1.105142857142855,0.8042857142857137,-0.5045571428571417,2.2984285714285697,0.5781999999999977,-0.40585714285714247,-1.4364285714285703,1.1711428571428564,0.26814285714285646,1.5189999999999986,-0.43057142857142805,0.5159999999999997,2.4557142857142824,1.6235714285714267,1.807428571428569,0.8577285714285714,0.36635714285714305,-0.3761428571428569,1.8904857142857117,3.003714285714282,1.6081428571428553,1.4482142857142832,0.19985714285714148,1.5112857142857126,2.9932857142857108,1.1811428571428582,1.4309999999999983,2.536999999999997,4.062357142857138,1.2202214285714266,1.0608571428571414,1.5712857142857124,2.5295714285714266,-0.4124357142857149
捷克,0.04209523809523885,0.9902857142857145,-1.9072857142857143,0.2674285714285711,0.4420904761904759,-0.3242857142857143,0.09228571428571447,0.3001428571428569,0.3754285714285715,-0.24957142857142894,-0.4805714285714282,-0.8598571428571431,0.8150571428571429,0.07414285714285677,-0.4298571428571425,0.5468571428571427,-0.5155714285714292,0.2131428571428569,-0.32257142857142873,0.13642857142857093,-0.484142857142857,0.36257142857142843,0.5844285714285714,0.3187142857142853,0.7681428571428575,0.2875714285714286,0.969628571428572,-0.6338571428571428,-0.8958571428571427,-0.5542607142857142,-0.5648857142857148,-0.06142857142857133,-0.6372857142857146,-1.212142857142857,0.4835714285714288,-0.17160000000000034,1.813857142857142,-0.6999357142857143,-0.3404285714285714,-1.882142857142857,1.229857142857142,0.5308571428571419,1.4577142857142853,-0.1074285714285709,-0.05985714285714239,1.4171428571428568,1.0207142857142855,0.4144285714285712,0.5172571428571431,0.11942857142857097,-0.35414285714285704,0.8867428571428568,2.3075714285714284,1.2808571428571427,0.33335714285714274,0.15599999999999947,1.0902857142857145,1.8455714285714282,1.1266428571428566,1.2079999999999995,1.520285714285714,2.4884999999999993,0.7028428571428574,0.825428571428572,1.185999999999999,1.9151428571428568,-0.7179738095238111
德国,-0.32338095238095305,-0.41209523809523907,1.3039047619047635,-0.4628095238095244,0.4260666666666656,3.286154417364309e-16,0.12038095238095156,-0.008428571428571806,-0.24957142857142894,0.620666666666666,0.0972857142857145,0.40585714285714325,-0.5826333333333329,-0.015857142857142542,-0.18247619047618993,-0.41504761904761905,0.5244285714285727,-0.03638095238095185,0.6779047619047613,-0.28619047619047594,0.3080000000000005,-0.10290476190476189,0.20371428571428424,0.04942857142857102,-0.24280952380952434,0.038999999999999195,-1.0906095238095233,0.4813809523809526,0.4858095238095249,0.18676904761904825,0.7908999999999988,0.5984285714285703,1.0074761904761897,0.7884761904761921,-0.6564285714285707,1.0129238095238091,-0.31328571428571644,1.0210761904761902,0.22052380952381004,1.2092857142857154,-0.004904761904763633,-0.1036666666666662,-0.5239523809523816,-0.4224285714285716,0.160142857142856,-0.49428571428571577,-0.21714285714285775,0.5191904761904751,-0.06812380952381042,0.3458571428571432,0.08419047619047632,-0.1842095238095255,-1.4038571428571436,-0.7524761904761913,-0.37671428571428545,-0.1389999999999994,-0.4601904761904769,-0.9513333333333337,-0.7063333333333329,-0.7867619047619048,-0.39114285714285857,-0.999357142857144,-0.5448238095238104,0.30804761904761696,-0.9228095238095237,-1.159619047619048,1.2462047619047618
丹麦,-0.5081904761904752,-2.0908571428571414,3.716857142857141,-0.2958571428571417,-2.582580952380953,0.5628571428571428,-0.48900000000000066,-0.8875714285714273,-0.4805714285714282,0.0972857142857145,1.420285714285714,1.6788571428571428,-0.30659999999999865,-0.31671428571428545,0.8881428571428569,-1.0491428571428565,1.1052857142857138,-0.01585714285714281,-0.9444285714285727,0.29357142857143076,0.7095714285714281,-0.8469999999999996,-1.3618571428571435,-0.8797142857142859,-1.295142857142857,-0.13699999999999976,-0.49638571428571276,1.040142857142856,2.3575714285714273,0.6020499999999995,0.4746571428571415,-0.6400000000000009,0.2839999999999994,2.103999999999997,-0.8214285714285706,0.6430142857142847,-3.384428571428569,-1.0355857142857148,0.7391428571428567,2.526428571428569,-1.957428571428571,-0.46399999999999825,-2.090999999999998,0.45585714285714346,-0.9804285714285722,-3.6371428571428557,-2.215714285714285,-2.216142857142858,-1.1680571428571433,-0.5318571428571438,0.4888571428571427,-2.6527285714285713,-4.046285714285712,-2.238285714285713,-1.4540714285714282,-0.10871428571428451,-2.2008571428571426,-3.826714285714284,-1.5374285714285718,-1.9875714285714265,-3.3715714285714267,-5.012999999999997,-1.7882785714285705,-2.1562857142857137,-2.025142857142855,-3.4861428571428554,0.5218261904761899
西班牙,-0.3505714285714285,-3.0772857142857157,5.924000000000001,-0.41371428571428437,-2.994604761904763,0.9800000000000008,-0.27614285714285863,-1.1811428571428562,-0.8598571428571431,0.40585714285714325,1.6788571428571428,2.7745714285714307,-1.7233142857142851,-0.31242857142857083,1.3688571428571448,-1.652,1.5838571428571442,-0.26728571428571485,-0.2094285714285722,0.045000000000002045,1.236714285714286,-1.2462857142857144,-1.5840000000000027,-0.9232857142857145,-2.111571428571431,-0.4134285714285723,-2.342742857142859,1.8630000000000004,3.0782857142857147,1.1954964285714293,1.4347999999999994,-0.3850000000000019,1.2968571428571434,3.148,-1.7964285714285713,0.7642285714285699,-5.925857142857144,0.5465214285714303,0.9069999999999997,4.697142857142859,-3.092428571428573,-1.2575714285714283,-3.6295714285714293,0.3922857142857153,-0.49614285714285766,-4.9278571428571425,-3.2857142857142865,-1.8811428571428586,-1.6389142857142882,-0.5079285714285724,0.8824285714285716,-3.1352999999999995,-7.016285714285715,-3.7947142857142877,-1.915785714285714,-0.5044285714285699,-3.034428571428573,-5.918142857142858,-3.133500000000003,-3.476142857142856,-5.187285714285716,-8.368000000000002,-2.7915285714285716,-2.6912857142857165,-3.6108571428571423,-5.788285714285717,1.7510880952380978
爱沙尼亚,-1.021847619047618,1.5024547619047623,-3.382138095238097,-0.17622380952381111,-0.7385942857142845,-0.7648571428571431,-0.421076190476189,0.4235428571428573,0.8150571428571429,-0.5826333333333329,-0.30659999999999865,-1.7233142857142851,3.4810123809523836,-0.14240000000000086,-0.9872190476190499,1.0004380952380958,-0.6493142857142882,0.5174190476190469,-1.6115809523809523,0.7369523809523806,-0.9463142857142867,0.8240095238095244,0.7046857142857151,0.14418571428571345,1.6834190476190503,0.6557714285714296,3.7134076190476204,-1.2961333333333338,-0.4957333333333325,-1.377118095238096,-1.1470014285714283,-0.6851285714285699,-1.816209523809524,-2.2797809523809516,1.1124999999999994,0.3150723809523819,3.674228571428572,-4.007918809523811,-0.12424761904761919,-4.185428571428572,2.342695238095237,1.8925904761904777,3.1900761904761907,-0.2675142857142858,-2.0074571428571435,1.32442857142857,1.7964285714285715,-1.1464809523809512,0.82799142857143,0.07282857142857062,-0.9286952380952382,0.1499919047619038,4.8547,2.5604238095238094,-0.18879999999999958,0.5904428571428548,1.5632523809523833,2.970980952380951,2.844766666666666,2.6664238095238084,2.6695857142857142,5.214585714285713,0.7171147619047604,0.8331761904761924,2.657776190476191,3.9424238095238087,-2.2786076190476217
芬兰,0.23295238095238066,0.4140714285714276,-0.713285714285712,0.1262142857142853,0.9629619047619042,-0.07428571428571407,0.13614285714285698,0.23185714285714218,0.07414285714285677,-0.015857142857142542,-0.31671428571428545,-0.31242857142857083,-0.14240000000000086,0.1345714285714284,-0.140285714285714,0.2734285714285709,-0.25885714285714223,-0.03914285714285737,0.27228571428571485,-0.14571428571428616,-0.18171428571428477,0.20128571428571387,0.16899999999999965,0.20042857142857112,0.24014285714285663,-0.10228571428571466,-0.05940000000000116,-0.21157142857142794,-0.6018571428571421,-0.05178214285714236,-0.22265714285714283,0.16142857142857178,0.06600000000000061,-0.31542857142857006,0.256428571428571,-0.3392285714285707,0.46657142857142797,0.6370142857142861,-0.2019999999999995,-0.12428571428571275,0.18742857142857067,-0.12457142857142925,0.2145714285714271,-0.06942857142857128,0.3539999999999999,0.9035714285714274,0.4885714285714277,0.827571428571428,0.24793809523809507,0.11864285714285756,-0.07814285714285685,0.7621571428571418,0.8012857142857119,0.45899999999999874,0.6752857142857134,0.0451428571428565,0.5822857142857132,0.9445714285714266,0.2163571428571426,0.38257142857142745,0.8108571428571414,1.0272857142857124,0.5614214285714282,0.517,0.5237142857142845,0.6025714285714269,0.013447619047620013
法国,0.5163333333333345,-1.7475238095238086,2.7394761904761906,0.272476190476193,-2.115819047619048,0.6950000000000003,-0.35161904761904794,-0.7261428571428568,-0.4298571428571425,-0.18247619047618993,0.8881428571428569,1.3688571428571448,-0.9872190476190499,-0.140285714285714,1.5140952380952384,-0.7431904761904763,0.31171428571428594,-0.40966666666666746,-0.5010952380952379,0.20952380952381006,0.7495714285714291,-0.8174761904761909,-1.4847142857142857,-0.6504285714285709,-1.3668095238095255,-0.3941428571428568,-0.5296238095238116,0.8782380952380962,1.3063809523809515,0.9563833333333334,0.030085714285716613,-0.46785714285714297,0.13019047619047788,1.130476190476189,-0.3600000000000011,-0.5706047619047621,-3.4558571428571434,0.34796190476190614,0.3522380952380947,1.9207142857142858,-2.497190476190476,-0.9699523809523818,-2.403380952380953,0.8622857142857144,0.027428571428573398,-2.4049999999999985,-2.228571428571428,-2.3378095238095224,-1.1572476190476204,-0.7818571428571441,0.6593333333333338,-1.6067523809523794,-3.1970000000000027,-1.8530476190476197,-1.1556428571428574,-0.012285714285713067,-2.0384761904761906,-3.069333333333334,-1.8707619047619066,-1.735190476190476,-2.7387142857142854,-5.0733571428571445,-0.7337309523809519,-1.9479523809523809,-1.4946666666666686,-2.5173333333333345,0.020254761904763805
英国,0.19209523809523738,1.799690476190475,-3.945380952380951,0.3868333333333318,2.335114285714287,-0.46714285714285675,0.3910952380952384,0.9215714285714278,0.5468571428571427,-0.41504761904761905,-1.0491428571428565,-1.652,1.0004380952380958,0.2734285714285709,-0.7431904761904763,1.4978095238095241,-1.2541428571428581,0.005761904761903547,0.09076190476190515,-0.15190476190476337,-1.2169999999999996,0.9463809523809529,1.0965714285714288,0.6558571428571425,1.2471904761904775,-0.013857142857143583,1.4877476190476195,-1.2021904761904758,-2.0491904761904745,-0.8006238095238087,-0.6524571428571438,0.08714285714285769,-0.8946666666666673,-1.9612380952380934,1.3564285714285718,-1.1050047619047632,2.9717142857142833,-0.2441023809523814,-0.651619047619047,-2.8649999999999975,1.687238095238093,0.5234761904761883,2.484619047619046,-0.38885714285714207,0.41014285714285553,3.0521428571428557,1.985714285714285,1.543476190476191,1.0994238095238107,0.23621428571428604,-0.5165238095238096,2.460719047619047,4.677571428571428,2.4010952380952375,1.684142857142858,0.4638571428571417,1.9998095238095237,4.114380952380951,1.9086666666666678,2.166095238095237,3.397428571428571,5.280999999999999,1.659247619047619,0.9694761904761904,2.740761904761905,3.6596666666666655,-1.2382952380952397
希腊,-0.7398571428571419,-1.6830000000000005,3.8832857142857167,-0.7222857142857142,-1.7404619047619039,0.3271428571428578,-0.24971428571428556,-0.7354285714285709,-0.5155714285714292,0.5244285714285727,1.1052857142857138,1.5838571428571442,-0.6493142857142882,-0.25885714285714223,0.31171428571428594,-1.2541428571428581,1.4617142857142877,0.0991428571428582,-0.1537142857142848,0.060000000000001025,0.9481428571428582,-0.6798571428571432,-0.6875714285714293,-0.6139999999999995,-0.9644285714285731,-0.09771428571428553,-1.4419571428571465,1.1208571428571439,2.201142857142857,0.49883571428571494,0.9156571428571443,-0.09214285714285697,1.0647142857142888,2.3281428571428586,-1.3471428571428594,1.4790142857142874,-2.734428571428574,-0.3062999999999951,0.7612857142857141,2.957857142857147,-1.156714285714286,-0.32757142857142835,-1.711714285714287,-0.0005714285714296984,-0.7732857142857121,-3.185714285714286,-1.6085714285714292,-0.7704285714285689,-0.825723809523811,0.008857142857143339,0.322428571428572,-2.4302285714285716,-4.371285714285718,-2.2411428571428593,-1.2160714285714287,-0.5330000000000004,-1.766571428571429,-3.560285714285716,-1.4895714285714328,-1.9797142857142866,-3.0765714285714307,-4.29764285714286,-2.0529214285714303,-0.8384285714285713,-2.453000000000004,-3.749000000000003,1.426016666666671
爱尔兰,-0.2394761904761903,0.40923809523809607,-0.3889047619047612,0.1170952380952372,-0.28844761904761845,-0.18499999999999994,0.07676190476190531,-0.06871428571428555,0.2131428571428569,-0.03638095238095185,-0.01585714285714281,-0.26728571428571485,0.5174190476190469,-0.03914285714285737,-0.40966666666666746,0.005761904761903547,0.0991428571428582,0.5406666666666681,-0.7121904761904754,0.18261904761904704,-0.1344285714285711,-0.037809523809524105,0.517000000000001,0.16199999999999967,0.4113809523809522,0.5074285714285721,0.43903809523809395,-0.2799523809523807,-0.07295238095238059,-0.5579119047619053,-0.17539999999999897,-0.0114285714285711,-0.253904761904761,-0.46233333333333243,-0.18857142857143003,0.7446476190476206,1.232571428571429,-1.0153619047619027,0.028047619047619442,-1.1835714285714272,1.2863333333333344,0.5522380952380955,1.0768095238095234,-0.13400000000000084,-0.3872857142857138,0.1942857142857136,0.40714285714285736,0.04723809523809716,0.22531428571428588,0.201285714285715,-0.18990476190476166,-0.013719047619047854,0.6295714285714271,0.5096190476190471,-0.44442857142857184,-0.0310000000000009,0.614476190476192,0.5256190476190464,0.6891904761904749,0.4360476190476177,0.38757142857142807,0.8661428571428575,-0.19567619047619184,0.7069523809523828,-0.007190476190479497,0.4839047619047602,-0.05199047619047484
冰岛,0.37480952380952176,0.5656666666666667,-0.5224761904761895,-0.6632619047619052,3.005528571428572,-0.023571428571429052,0.4503333333333328,0.68342857142857,-0.32257142857142873,0.6779047619047613,-0.9444285714285727,-0.2094285714285722,-1.6115809523809523,0.27228571428571485,-0.5010952380952379,0.09076190476190515,-0.1537142857142848,-0.7121904761904754,2.9463809523809514,-0.9359523809523815,0.23128571428571493,0.527190476190476,0.5184285714285715,0.48842857142857293,-0.037904761904761546,-0.7061428571428582,-2.162104761904761,0.22790476190476153,-0.9758095238095242,0.6622130952380957,1.1973142857142856,1.1414285714285715,1.5096666666666663,0.30880952380952403,-0.19499999999999976,-0.6419238095238095,-0.1324285714285706,3.8154595238095217,-0.18695238095238043,2.0049999999999994,-0.6065238095238086,-0.7527619047619047,-1.0610476190476181,-0.7075714285714292,1.5205714285714287,1.7421428571428579,0.9035714285714289,2.957238095238094,0.46807619047619087,0.6262857142857164,0.12438095238095197,1.6594952380952381,-0.22685714285714176,-0.1560952380952368,1.7017857142857136,-0.23099999999999957,0.5616190476190469,0.7377619047619066,-0.7608095238095196,-0.19252380952380757,1.0582857142857143,1.2539999999999998,0.7278952380952389,0.956238095238094,-0.16004761904761688,0.10247619047619264,1.3731642857142872
意大利,-0.12666666666666615,-0.17988095238095445,0.18476190476190885,0.1651190476190476,-1.5742619047619069,-0.029285714285714054,-0.26976190476190537,-0.3228571428571435,0.13642857142857093,-0.28619047619047594,0.29357142857143076,0.045000000000002045,0.7369523809523806,-0.14571428571428616,0.20952380952381006,-0.15190476190476337,0.060000000000001025,0.18261904761904704,-0.9359523809523815,0.4552380952380963,0.0835714285714291,-0.18190476190476262,-0.2707142857142881,-0.22000000000000178,0.06476190476190348,0.21142857142857086,0.8721904761904754,-0.09047619047618964,0.3766666666666685,-0.19247023809523767,-0.4872857142857144,-0.5121428571428583,-0.676666666666666,-0.29609523809523547,-0.01000000000000079,0.14795238095238136,-0.03500000000000444,-1.522666666666667,0.0538095238095239,-0.8121428571428534,0.1302380952380926,0.38761904761904714,0.286190476190473,0.2978571428571436,-0.7035714285714293,-0.6907142857142897,-0.32285714285714495,-1.3809523809523823,-0.20142857142857287,-0.25428571428571595,-0.08238095238095199,-0.8425952380952412,0.07928571428570987,0.028809523809521235,-0.8297142857142855,0.05285714285714263,-0.3183333333333354,-0.5469047619047666,0.2663095238095208,0.14380952380952147,-0.5250000000000035,-0.6328571428571488,-0.2677738095238109,-0.22666666666666724,0.09190476190476046,0.02380952380951774,-0.6555952380952379
卢森堡,0.01752380952380973,-1.3101428571428582,3.1268571428571432,-0.5726428571428557,-1.6756523809523793,0.43357142857142844,-0.3475714285714287,-0.6918571428571422,-0.484142857142857,0.3080000000000005,0.7095714285714281,1.236714285714286,-0.9463142857142867,-0.18171428571428477,0.7495714285714291,-1.2169999999999996,0.9481428571428582,-0.1344285714285711,0.23128571428571493,0.0835714285714291,1.3402857142857139,-0.6669999999999998,-0.9511428571428576,-0.5368571428571428,-0.9730000000000004,-0.34628571428571453,-1.1646714285714292,0.9144285714285723,1.578285714285713,0.8215678571428576,0.5123714285714287,-0.007857142857142129,0.8947142857142876,1.4301428571428567,-1.042142857142857,0.4778714285714287,-2.5958571428571426,0.5944500000000015,0.730571428571428,2.4935714285714288,-1.710285714285714,-0.5789999999999991,-2.1659999999999995,0.3644285714285711,-0.38399999999999945,-2.2635714285714275,-1.5335714285714284,-1.242571428571428,-0.858700000000001,-0.1682857142857149,0.4817142857142856,-1.995371428571428,-3.5855714285714284,-1.8318571428571429,-1.1131428571428565,-0.2951428571428563,-1.6379999999999995,-3.088857142857142,-1.6517142857142868,-1.5939999999999994,-2.5094285714285713,-4.1855,-1.0975642857142853,-0.4291428571428571,-2.258714285714285,-2.792571428571429,0.8199333333333356
荷兰,-0.10861904761904825,1.4221904761904758,-2.7132380952380943,-0.15780952380952504,1.9800904761904765,-0.4507142857142858,0.22823809523809552,0.7515714285714278,0.36257142857142843,-0.10290476190476189,-0.8469999999999996,-1.2462857142857144,0.8240095238095244,0.20128571428571387,-0.8174761904761909,0.9463809523809529,-0.6798571428571432,-0.037809523809524105,0.527190476190476,-0.18190476190476262,-0.6669999999999998,0.8506666666666671,0.8758571428571436,0.4694285714285713,1.0850476190476204,-0.13171428571428578,0.8431047619047625,-0.8136190476190476,-1.3313333333333321,-0.5318738095238092,-0.3703142857142861,0.2085714285714292,-0.31752380952381004,-1.206523809523808,0.8264285714285716,-0.5946476190476186,2.244571428571428,0.02250476190476037,-0.34947619047619005,-1.537142857142857,1.2358095238095232,0.44847619047619,1.7353333333333334,-0.4652857142857142,0.0465714285714283,2.2964285714285704,1.7549999999999994,1.6670476190476187,0.9120904761904771,0.3872857142857147,-0.48938095238095247,1.6237904761904751,3.286142857142857,1.7346666666666666,1.4984285714285708,0.24242857142857013,1.5698095238095233,3.009380952380952,1.427952380952382,1.6653809523809522,2.578142857142856,4.270999999999998,1.1578904761904756,1.2159047619047618,1.8964761904761902,2.5789523809523813,-0.6499857142857153
挪威,-0.5574761904761905,2.1484285714285725,-3.3874285714285732,-0.12121428571428754,1.9543714285714293,-0.7928571428571434,1.033142857142858,0.9274285714285712,0.5844285714285714,0.20371428571428424,-1.3618571428571435,-1.5840000000000027,0.7046857142857151,0.16899999999999965,-1.4847142857142857,1.0965714285714288,-0.6875714285714293,0.517000000000001,0.5184285714285715,-0.2707142857142881,-0.9511428571428576,0.8758571428571436,3.004571428571431,1.1852857142857143,1.6477142857142872,0.7951428571428576,0.20525714285714494,-0.8820000000000003,-1.8224285714285724,-1.3543964285714287,0.7293714285714269,1.0678571428571428,0.0597142857142831,-2.1029999999999993,-0.0364285714285704,1.279514285714286,4.499857142857146,-0.6461214285714286,-0.4422857142857145,-4.1628571428571455,4.141857142857145,1.3659999999999999,4.376857142857145,-1.142,0.40671428571428586,2.8692857142857147,2.3007142857142857,2.3431428571428565,1.5361333333333342,1.0267142857142864,-0.7161428571428576,2.2982000000000014,3.7080000000000033,2.147428571428572,0.13007142857142845,-0.4494285714285731,2.144857142857144,3.868285714285716,2.0168571428571442,1.785285714285714,2.9948571428571444,5.362357142857144,-0.01524285714285798,2.4751428571428584,1.299857142857144,3.253142857142859,-0.008030952380955964
波兰,0.20728571428571407,1.263071428571429,-1.8145714285714272,0.2555714285714277,1.57084761904762,-0.32857142857142846,0.4945714285714284,0.5367142857142854,0.3187142857142853,0.04942857142857102,-0.8797142857142859,-0.9232857142857145,0.14418571428571345,0.20042857142857112,-0.6504285714285709,0.6558571428571425,-0.6139999999999995,0.16199999999999967,0.48842857142857293,-0.22000000000000178,-0.5368571428571428,0.4694285714285713,1.1852857142857143,0.893142857142857,0.7984285714285704,0.2508571428571426,0.1550428571428559,-0.5877142857142847,-1.424571428571428,-0.6380095238095228,0.3405142857142864,0.5912857142857139,0.22614285714285706,-1.6734285714285688,0.03285714285714305,0.228728571428571,1.7905714285714263,1.0023785714285738,-0.47657142857142865,-1.624999999999997,1.6875714285714265,0.3802857142857126,1.3725714285714263,-0.8162857142857141,0.7231428571428589,1.8914285714285706,1.3264285714285706,1.5345714285714296,0.7795380952380953,0.5735000000000006,-0.2997142857142855,1.8771285714285713,2.113714285714284,1.2145714285714277,0.24307142857142852,-0.022285714285715384,1.6162857142857139,2.0754285714285703,0.6747142857142849,0.9831428571428555,2.2734285714285707,2.6859285714285703,0.7119357142857142,1.5815714285714266,1.0427142857142842,1.8617142857142843,0.31739761904761954
葡萄牙,-0.16400000000000067,2.43852380952381,-4.281047619047622,0.1099523809523782,2.102766666666669,-0.9114285714285719,0.32604761904761936,0.9005714285714287,0.7681428571428575,-0.24280952380952434,-1.295142857142857,-2.111571428571431,1.6834190476190503,0.24014285714285663,-1.3668095238095255,1.2471904761904775,-0.9644285714285731,0.4113809523809522,-0.037904761904761546,0.06476190476190348,-0.9730000000000004,1.0850476190476204,1.6477142857142872,0.7984285714285704,2.0035238095238124,0.3917142857142859,1.7296809523809555,-1.4399523809523815,-2.1822380952380946,-1.2385190476190477,-1.137685714285716,0.29714285714285815,-0.868904761904763,-2.4130476190476187,1.0571428571428592,-0.02299523809523846,4.6940000000000035,-1.0713619047619067,-0.6540952380952375,-3.7685714285714296,3.089904761904762,1.2622380952380954,3.560380952380953,-0.5311428571428574,-0.18657142857143005,3.589285714285714,2.80357142857143,1.918666666666667,1.4587904761904784,0.6545000000000002,-0.927761904761905,2.1774952380952377,5.364571428571433,2.9967619047619065,1.3843571428571446,0.14399999999999924,2.6323333333333356,4.6570476190476215,2.70061904761905,2.823190476190477,3.938285714285717,6.674357142857147,1.6394309523809536,2.7526666666666677,2.875666666666668,4.247476190476193,-1.1460738095238137
斯洛伐克,-0.23909523809523814,0.5031428571428579,-0.9008571428571446,0.3477857142857134,-0.7172666666666684,-0.30714285714285766,0.08514285714285708,-0.0005714285714282936,0.2875714285714286,0.038999999999999195,-0.13699999999999976,-0.4134285714285723,0.6557714285714296,-0.10228571428571466,-0.3941428571428568,-0.013857142857143583,-0.09771428571428553,0.5074285714285721,-0.7061428571428582,0.21142857142857086,-0.34628571428571453,-0.13171428571428578,0.7951428571428576,0.2508571428571426,0.3917142857142859,1.135428571428572,0.512128571428573,-0.14242857142857174,-0.14299999999999982,-0.5604214285714292,-0.09274285714285783,0.23642857142857077,-0.4144285714285726,-0.7848571428571425,-0.16071428571428542,1.2387571428571442,2.125285714285715,-1.214400000000001,-0.2261428571428571,-2.1592857142857156,1.728428571428572,0.8130000000000009,1.3848571428571441,-0.027428571428571615,-0.013428571428572542,0.5157142857142851,0.3521428571428576,-0.4334285714285713,0.19175714285714243,0.0908571428571429,-0.2355714285714287,0.16002857142857077,0.7875714285714303,0.5894285714285712,-1.1564999999999996,-0.16471428571428579,0.47314285714285775,0.5384285714285719,0.7423571428571419,0.4037142857142849,0.33814285714285713,1.0881428571428586,-0.2057642857142861,0.38542857142857234,-0.18257142857142888,1.1801428571428572,-0.16928333333333614
斯洛文尼亚,-0.23541904761904597,1.9377523809523827,-4.851733333333338,0.4502523809523807,-0.41776809523809494,-0.6941428571428576,-0.5970523809523794,0.5059000000000001,0.969628571428572,-1.0906095238095233,-0.49638571428571276,-2.342742857142859,3.7134076190476204,-0.05940000000000116,-0.5296238095238116,1.4877476190476195,-1.4419571428571465,0.43903809523809395,-2.162104761904761,0.8721904761904754,-1.1646714285714292,0.8431047619047625,0.20525714285714494,0.1550428571428559,1.7296809523809555,0.512128571428573,5.039183809523812,-1.8834666666666673,-1.4078523809523809,-1.3705430952380955,-2.041708571428571,-0.9433214285714262,-2.6415190476190484,-3.360633333333336,2.101357142857143,-0.8399609523809519,4.467014285714289,-4.01418904761905,-0.3207238095238097,-5.478285714285718,2.027076190476191,1.8029952380952392,3.1799095238095245,0.21927142857142967,-1.6404571428571428,2.3232142857142857,1.914214285714286,-2.1468619047619053,0.8280080952380974,-0.32470714285714464,-0.808004761904762,0.8533323809523805,6.729628571428574,3.4605190476190493,0.15180714285714245,1.100871428571427,1.8594904761904785,4.169219047619048,3.289326190476191,3.4035190476190476,3.837657142857145,6.286264285714286,2.0655802380952384,0.6670095238095265,3.7623952380952375,5.447804761904764,-3.4280683333333384
瑞典,-0.32957142857142824,-2.0703095238095233,4.04247619047619,-0.46459523809523723,-1.8199333333333334,0.5964285714285714,-0.15104761904761962,-0.6884285714285707,-0.6338571428571428,0.4813809523809526,1.040142857142856,1.8630000000000004,-1.2961333333333338,-0.21157142857142794,0.8782380952380962,-1.2021904761904758,1.1208571428571439,-0.2799523809523807,0.22790476190476153,-0.09047619047618964,0.9144285714285723,-0.8136190476190476,-0.8820000000000003,-0.5877142857142847,-1.4399523809523815,-0.14242857142857174,-1.8834666666666673,1.4463809523809517,2.1622380952380937,0.9391797619047618,1.1665428571428569,0.07142857142857091,1.1960476190476195,2.2696190476190456,-1.29,0.8722095238095233,-3.687571428571428,0.6749333333333348,0.6283809523809523,3.23642857142857,-2.018476190476189,-0.837238095238094,-2.443238095238094,0.22899999999999976,-0.1655714285714286,-3.1828571428571406,-2.1935714285714276,-1.117238095238095,-1.0878619047619058,-0.26592857142857135,0.5820476190476193,-2.082709523809523,-4.953142857142858,-2.6567619047619044,-1.3992857142857142,-0.49757142857142744,-2.1916190476190476,-3.994190476190474,-2.248833333333334,-2.482476190476189,-3.527571428571428,-5.5004285714285714,-1.9523595238095235,-1.7219523809523807,-2.7170952380952373,-3.8203333333333327,1.3959904761904771
塞浦路斯,-1.4037142857142848,-3.6586666666666665,6.893619047619043,-1.2561666666666647,-4.686347619047616,0.9814285714285713,-0.748619047619048,-1.4138571428571407,-0.8958571428571427,0.4858095238095249,2.3575714285714273,3.0782857142857147,-0.4957333333333325,-0.6018571428571421,1.3063809523809515,-2.0491904761904745,2.201142857142857,-0.07295238095238059,-0.9758095238095242,0.3766666666666685,1.578285714285713,-1.3313333333333321,-1.8224285714285724,-1.424571428571428,-2.1822380952380946,-0.14299999999999982,-1.4078523809523809,2.1622380952380937,4.728380952380949,1.1265690476190473,1.6623428571428571,-0.731428571428572,1.132190476190476,3.7676190476190445,-2.036428571428571,1.587795238095237,-6.151285714285711,-1.6185809523809502,1.6525238095238084,4.7349999999999985,-3.273047619047617,-0.6919523809523774,-3.4892380952380915,0.4291428571428566,-2.144571428571428,-6.564999999999998,-3.759999999999998,-3.4126666666666647,-1.9554190476190483,-0.6442142857142867,0.8030476190476189,-4.902009523809522,-7.693714285714282,-4.152904761904761,-2.8926428571428553,-0.34057142857142736,-3.830333333333331,-6.953047619047617,-2.944833333333335,-3.6207619047619026,-6.1727142857142825,-8.848428571428569,-3.8016023809523807,-3.571095238095238,-4.376523809523807,-6.113619047619046,1.2631976190476204
克罗地亚,0.3929793650793642,-1.389831547619048,2.349444047619047,-0.2184714285714278,-0.5971016666666661,0.5567321428571428,-0.31527738095238167,-0.40694999999999953,-0.5542607142857142,0.18676904761904825,0.6020499999999995,1.1954964285714293,-1.377118095238096,-0.05178214285714236,0.9563833333333334,-0.8006238095238087,0.49883571428571494,-0.5579119047619053,0.6622130952380957,-0.19247023809523767,0.8215678571428576,-0.5318738095238092,-1.3543964285714287,-0.6380095238095228,-1.2385190476190477,-0.5604214285714292,-1.3705430952380955,0.9391797619047618,1.1265690476190473,1.1958091468253969,0.23332214285714423,-0.06771785714285716,0.6796523809523818,1.7903226190476182,-0.29357142857142837,-0.6383064285714293,-2.9283940476190473,1.4517364880952381,0.3539333333333336,3.0617678571428564,-2.634990476190476,-1.1579857142857142,-2.7525619047619045,0.6662988095238085,0.3738357142857143,-1.559910714285713,-1.547642857142856,-0.6689678571428566,-0.9044064285714289,-0.481372619047619,0.5898595238095237,-1.1829334523809514,-3.1722666666666646,-1.7596999999999996,0.06522321428571501,-0.11569761904761647,-1.6376916666666672,-2.4888833333333316,-1.7638624999999994,-1.6059083333333313,-2.3033761904761896,-3.6913047619047603,-0.373154702380951,-1.486165476190478,-1.6223047619047601,-2.4046702380952363,0.5391427976190494
立陶宛,-0.8362190476190476,-1.19407857142857,3.0477000000000003,-0.9399000000000001,-0.761831428571431,0.5095714285714289,0.5073714285714275,-0.19791428571428615,-0.5648857142857148,0.7908999999999988,0.4746571428571415,1.4347999999999994,-1.1470014285714283,-0.22265714285714283,0.030085714285716613,-0.6524571428571438,0.9156571428571443,-0.17539999999999897,1.1973142857142856,-0.4872857142857144,0.5123714285714287,-0.3703142857142861,0.7293714285714269,0.3405142857142864,-1.137685714285716,-0.09274285714285783,-2.041708571428571,1.1665428571428569,1.6623428571428571,0.23332214285714423,3.8032828571428587,0.7355571428571404,2.0547714285714265,1.0379999999999996,-2.1095714285714284,1.772482857142855,-3.1976857142857162,1.4726635714285727,0.7331714285714281,2.159928571428572,-0.42237142857143045,-0.26591428571428444,-1.3513714285714291,-1.372242857142856,0.33580000000000115,-2.7754285714285722,-1.3777142857142872,0.04479999999999658,-0.4042076190476207,0.49544285714285763,0.5488000000000001,-0.806697142857143,-4.341885714285714,-2.3181999999999996,-2.083028571428574,-0.598971428571429,-1.1011857142857169,-3.187085714285716,-2.099085714285715,-2.2265571428571436,-2.1181142857142876,-4.092757142857146,-2.8888728571428586,-1.2586000000000046,-3.1056857142857135,-3.094128571428572,2.321368095238096
拉脱维亚,-0.025071428571429587,0.502892857142859,-0.37057142857143105,-0.2727142857142863,1.8175952380952378,-0.2285714285714294,0.49357142857142766,0.4371428571428569,-0.06142857142857133,0.5984285714285703,-0.6400000000000009,-0.3850000000000019,-0.6851285714285699,0.16142857142857178,-0.46785714285714297,0.08714285714285769,-0.09214285714285697,-0.0114285714285711,1.1414285714285715,-0.5121428571428583,-0.007857142857142129,0.2085714285714292,1.0678571428571428,0.5912857142857139,0.29714285714285815,0.23642857142857077,-0.9433214285714262,0.07142857142857091,-0.731428571428572,-0.06771785714285716,0.7355571428571404,1.3232285714285705,1.1833571428571406,-0.42114285714285654,-0.3212142857142838,1.153649999999999,1.6595000000000024,1.6307178571428556,-0.06928571428571419,-0.4180000000000017,1.1867142857142856,0.1560000000000008,0.5960000000000014,-0.5429999999999999,0.7514285714285711,1.21107142857143,0.6565000000000014,1.3047142857142853,0.4799285714285714,0.6732142857142863,-0.061428571428571985,1.1205999999999996,0.21207142857143294,0.25850000000000145,-0.00942857142857019,-0.5007142857142856,0.6286428571428574,0.9342857142857172,-0.05582142857142588,-0.06178571428571242,1.1109285714285733,1.4054642857142898,0.09920714285714433,1.5674285714285707,-0.15628571428571292,0.510285714285718,1.0906071428571409
俄罗斯,-0.2725238095238098,-1.1060476190476194,3.4812380952380995,-0.8542619047619043,0.9205571428571402,0.3371428571428574,0.34376190476190294,-0.10814285714285833,-0.6372857142857146,1.0074761904761897,0.2839999999999994,1.2968571428571434,-1.816209523809524,0.06600000000000061,0.13019047619047788,-0.8946666666666673,1.0647142857142888,-0.253904761904761,1.5096666666666663,-0.676666666666666,0.8947142857142876,-0.31752380952381004,0.0597142857142831,0.22614285714285706,-0.868904761904763,-0.4144285714285726,-2.6415190476190484,1.1960476190476195,1.132190476190476,0.6796523809523818,2.0547714285714265,1.1833571428571406,2.674095238095238,1.660809523809526,-1.6128571428571425,1.6718904761904758,-2.6634285714285735,2.9500380952380945,0.5334761904761904,3.666428571428574,-0.9728095238095259,-0.8807619047619039,-2.1351904761904783,-0.7872857142857134,0.6325714285714282,-1.7078571428571443,-0.9557142857142867,1.3270952380952359,-0.364990476190478,0.6507857142857153,0.41352380952380946,-0.5283904761904792,-4.3201428571428595,-2.0833809523809537,-0.5482857142857162,-0.8805714285714297,-0.713666666666668,-2.431380952380954,-2.1828095238095244,-2.101952380952381,-1.542714285714289,-3.3873571428571463,-1.546376190476191,0.5372380952380943,-2.4989047619047624,-3.364095238095239,2.777733333333337
保加利亚,-0.7266190476190474,-3.452047619047618,6.530523809523808,-1.019404761904761,-1.8043952380952346,0.893714285714285,-0.4796666666666668,-1.105142857142855,-1.212142857142857,0.7884761904761921,2.103999999999997,3.148,-2.2797809523809516,-0.31542857142857006,1.130476190476189,-1.9612380952380934,2.3281428571428586,-0.46233333333333243,0.30880952380952403,-0.29609523809523547,1.4301428571428567,-1.206523809523808,-2.1029999999999993,-1.6734285714285688,-2.4130476190476187,-0.7848571428571425,-3.360633333333336,2.2696190476190456,3.7676190476190445,1.7903226190476182,1.0379999999999996,-0.42114285714285654,1.660809523809526,5.751180952380951,-1.3475714285714286,0.8262047619047637,-5.936714285714282,0.4341738095238126,1.1509047619047603,6.9168571428571415,-4.015380952380948,-1.7473333333333312,-4.190047619047615,0.9112857142857114,-0.35185714285714137,-5.215571428571424,-3.3595714285714253,-0.686476190476186,-1.7778523809523805,-0.626714285714284,0.9072380952380941,-3.9496904761904736,-8.14628571428571,-4.37195238095238,-0.14114285714285468,-0.7752857142857135,-3.9269523809523803,-5.993809523809518,-3.0646666666666658,-3.930523809523806,-6.2115714285714265,-7.975785714285707,-2.93402619047619,-3.319047619047617,-4.2590476190476165,-7.108666666666662,2.0403666666666713
白俄罗斯,0.5966666666666668,1.6514285714285704,-4.336428571428573,0.5524999999999999,2.2767619047619054,-0.4642857142857145,-0.16214285714285653,0.8042857142857137,0.4835714285714288,-0.6564285714285707,-0.8214285714285706,-1.7964285714285713,1.1124999999999994,0.256428571428571,-0.3600000000000011,1.3564285714285718,-1.3471428571428594,-0.18857142857143003,-0.19499999999999976,-0.01000000000000079,-1.042142857142857,0.8264285714285716,-0.0364285714285704,0.03285714285714305,1.0571428571428592,-0.16071428571428542,2.101357142857143,-1.29,-2.036428571428571,-0.29357142857142837,-2.1095714285714284,-0.3212142857142838,-1.6128571428571425,-1.3475714285714286,2.33,-2.005071428571428,3.3985714285714286,-0.6685714285714298,-0.6792857142857144,-2.4714285714285715,0.5328571428571429,0.26142857142856996,1.6678571428571418,0.6007142857142856,0.36142857142857143,3.3364285714285713,1.7964285714285715,0.7085714285714296,0.7725000000000019,-0.3085714285714288,-0.4392857142857145,1.9263571428571429,5.140714285714285,2.589285714285715,2.544357142857143,0.7085714285714283,1.4371428571428568,4.257142857142857,2.1775000000000024,2.3971428571428577,3.177857142857144,5.715714285714286,2.7326071428571446,0.4014285714285723,3.2021428571428574,4.010714285714287,-2.2161309523809543
匈牙利,-1.4908380952380937,-0.7732809523809504,3.015533333333331,-0.6560666666666687,-1.718300476190476,-0.4140000000000005,0.23739523809523794,-0.5045571428571417,-0.17160000000000034,1.0129238095238091,0.6430142857142847,0.7642285714285699,0.3150723809523819,-0.3392285714285707,-0.5706047619047621,-1.1050047619047632,1.4790142857142874,0.7446476190476206,-0.6419238095238095,0.14795238095238136,0.4778714285714287,-0.5946476190476186,1.279514285714286,0.228728571428571,-0.02299523809523846,1.2387571428571442,-0.8399609523809519,0.8722095238095233,1.587795238095237,-0.6383064285714293,1.772482857142855,1.153649999999999,1.6718904761904758,0.8262047619047637,-2.005071428571428,4.954520952380954,1.0465285714285746,-1.6143352380952343,0.49298095238095174,-0.4964285714285724,2.5131523809523815,1.301204761904765,1.0543190476190498,-0.8279571428571437,-0.6883428571428573,-2.579071428571428,-0.7720714285714279,-1.0633666666666655,-0.11979571428571575,0.8369785714285725,-0.19808095238095244,-1.963420952380953,-3.4115999999999964,-1.4354619047619053,-3.3624214285714276,-1.609757142857143,-0.9088047619047611,-2.495561904761903,-0.4116690476190508,-1.5673190476190482,-1.8069714285714276,-2.0649357142857117,-3.043250238095238,1.4074476190476204,-2.4409952380952387,-2.5344619047619035,2.2179002380952384
哈萨克斯坦,-0.027809523809523784,6.411142857142854,-12.215571428571428,0.7432857142857108,5.7763142857142835,-2.523571428571429,0.8005714285714306,2.2984285714285697,1.813857142857142,-0.31328571428571644,-3.384428571428569,-5.925857142857144,3.674228571428572,0.46657142857142797,-3.4558571428571434,2.9717142857142833,-2.734428571428574,1.232571428571429,-0.1324285714285706,-0.03500000000000444,-2.5958571428571426,2.244571428571428,4.499857142857146,1.7905714285714263,4.6940000000000035,2.125285714285715,4.467014285714289,-3.687571428571428,-6.151285714285711,-2.9283940476190473,-3.1976857142857162,1.6595000000000024,-2.6634285714285735,-5.936714285714282,3.3985714285714286,1.0465285714285746,15.858285714285708,-3.111350000000002,-1.7324285714285708,-11.896428571428569,8.921571428571427,3.7591428571428542,9.676571428571425,-0.5147142857142866,0.7419999999999985,10.227857142857136,6.887857142857141,3.3369999999999997,3.6008142857142875,1.3884285714285718,-2.045142857142857,5.751399999999997,14.330999999999996,7.952714285714283,2.7126428571428587,0.2297142857142828,5.771142857142857,12.35442857142857,7.4415714285714305,6.954142857142852,10.153285714285714,18.454357142857138,4.816942857142855,6.521714285714286,6.724714285714283,12.026999999999996,-3.2868595238095324
马其顿,2.0269452380952333,0.003013095238094748,1.3952166666666732,0.24631666666666785,4.810209999999998,0.5983928571428571,0.6249261904761892,0.5781999999999977,-0.6999357142857143,1.0210761904761902,-1.0355857142857148,0.5465214285714303,-4.007918809523811,0.6370142857142861,0.34796190476190614,-0.2441023809523814,-0.3062999999999951,-1.0153619047619027,3.8154595238095217,-1.522666666666667,0.5944500000000015,0.02250476190476037,-0.6461214285714286,1.0023785714285738,-1.0713619047619067,-1.214400000000001,-4.01418904761905,0.6749333333333348,-1.6185809523809502,1.4517364880952381,1.4726635714285727,1.6307178571428556,2.9500380952380945,0.4341738095238126,-0.6685714285714298,-1.6143352380952343,-3.111350000000002,8.99840309523809,-0.5867666666666653,5.400392857142858,-2.726616666666665,-2.5986333333333334,-4.541604761904761,-1.0462928571428585,3.712271428571428,2.0625714285714256,0.16564285714285681,4.333902380952381,-0.04735428571428599,0.652807142857147,0.7925095238095231,3.3072388095238066,-2.1952571428571463,-1.2224309523809536,2.093124999999995,0.41414999999999946,0.7686976190476171,-0.516116666666668,-3.189598809523805,-1.5183238095238085,1.4940785714285671,-2.110850000000003,2.1291823809523787,1.1666952380952353,-0.9402904761904788,-1.6371095238095268,3.4933265476190565
黑山,-0.6180476190476186,-1.151238095238095,2.2577619047619035,-0.802666666666665,-1.267638095238094,0.3664285714285714,-0.22276190476190474,-0.40585714285714247,-0.3404285714285714,0.22052380952381004,0.7391428571428567,0.9069999999999997,-0.12424761904761919,-0.2019999999999995,0.3522380952380947,-0.651619047619047,0.7612857142857141,0.028047619047619442,-0.18695238095238043,0.0538095238095239,0.730571428571428,-0.34947619047619005,-0.4422857142857145,-0.47657142857142865,-0.6540952380952375,-0.2261428571428571,-0.3207238095238097,0.6283809523809523,1.6525238095238084,0.3539333333333336,0.7331714285714281,-0.06928571428571419,0.5334761904761904,1.1509047619047603,-0.6792857142857144,0.49298095238095174,-1.7324285714285708,-0.5867666666666653,0.9106666666666661,1.431428571428571,-0.9967619047619045,-0.1275238095238084,-0.9365238095238091,0.044571428571428706,-1.0958571428571422,-2.144285714285713,-1.1307142857142851,-1.2103809523809517,-0.5527333333333335,-0.07442857142857201,0.3196190476190474,-1.7025523809523797,-2.258999999999999,-1.2206190476190466,-0.8812857142857139,0.020428571428571355,-1.2336190476190465,-2.0317619047619044,-0.8510476190476194,-1.072047619047618,-1.743142857142856,-2.4592142857142854,-1.2663666666666669,-0.9256666666666666,-1.4926666666666655,-1.8270476190476181,0.31650952380952474
罗马尼亚,0.05261904761904635,-4.922857142857143,10.35714285714286,-1.3774999999999975,-1.0678333333333312,1.7692857142857152,-0.7978571428571444,-1.4364285714285703,-1.882142857142857,1.2092857142857154,2.526428571428569,4.697142857142859,-4.185428571428572,-0.12428571428571275,1.9207142857142858,-2.8649999999999975,2.957857142857147,-1.1835714285714272,2.0049999999999994,-0.8121428571428534,2.4935714285714288,-1.537142857142857,-4.1628571428571455,-1.624999999999997,-3.7685714285714296,-2.1592857142857156,-5.478285714285718,3.23642857142857,4.7349999999999985,3.0617678571428564,2.159928571428572,-0.4180000000000017,3.666428571428574,6.9168571428571415,-2.4714285714285715,-0.4964285714285724,-11.896428571428569,5.400392857142858,1.431428571428571,13.174285714285716,-7.999285714285713,-3.7835714285714266,-9.487857142857143,0.2699999999999981,0.27857142857142997,-6.94785714285714,-4.55285714285714,0.5492857142857154,-2.6772380952380956,-0.5289285714285688,1.6071428571428568,-4.097499999999999,-12.290714285714284,-6.6064285714285695,0.4755714285714274,-0.35142857142856976,-4.249285714285715,-9.343571428571426,-6.211071428571428,-5.849285714285709,-7.3757142857142854,-12.943571428571424,-2.6529642857142846,-3.824285714285717,-5.709285714285713,-10.595714285714282,4.368833333333343
塞尔维亚,-0.7613333333333324,3.7574047619047612,-6.087809523809523,0.41919047619047245,2.3201047619047603,-1.6035714285714286,1.1199523809523821,1.1711428571428564,1.229857142857142,-0.004904761904763633,-1.957428571428571,-3.092428571428573,2.342695238095237,0.18742857142857067,-2.497190476190476,1.687238095238093,-1.156714285714286,1.2863333333333344,-0.6065238095238086,0.1302380952380926,-1.710285714285714,1.2358095238095232,4.141857142857145,1.6875714285714265,3.089904761904762,1.728428571428572,2.027076190476191,-2.018476190476189,-3.273047619047617,-2.634990476190476,-0.42237142857143045,1.1867142857142856,-0.9728095238095259,-4.015380952380948,0.5328571428571429,2.5131523809523815,8.921571428571427,-2.726616666666665,-0.9967619047619045,-7.999285714285713,7.319809523809523,2.888047619047618,7.339333333333332,-1.349428571428571,0.08114285714285713,4.830714285714283,4.0021428571428554,2.4109047619047614,2.4252000000000002,1.4457857142857142,-1.428380952380952,3.2112761904761893,7.304142857142855,4.244238095238092,-0.1483571428571425,-0.5655714285714312,3.800380952380952,6.537666666666664,4.294452380952378,3.6528095238095197,5.427999999999997,9.675142857142854,0.8023261904761883,4.700333333333334,3.1734761904761872,5.986380952380951,-0.7813738095238141
土耳其,-0.7812857142857149,1.2093809523809511,-2.2443333333333304,-0.11847619047619344,-0.37698571428571637,-0.6935714285714288,0.08004761904761917,0.26814285714285646,0.5308571428571419,-0.1036666666666662,-0.46399999999999825,-1.2575714285714283,1.8925904761904777,-0.12457142857142925,-0.9699523809523818,0.5234761904761883,-0.32757142857142835,0.5522380952380955,-0.7527619047619047,0.38761904761904714,-0.5789999999999991,0.44847619047619,1.3659999999999999,0.3802857142857126,1.2622380952380954,0.8130000000000009,1.8029952380952392,-0.837238095238094,-0.6919523809523774,-1.1579857142857142,-0.26591428571428444,0.1560000000000008,-0.8807619047619039,-1.7473333333333312,0.26142857142856996,1.301204761904765,3.7591428571428542,-2.5986333333333334,-0.1275238095238084,-3.7835714285714266,2.888047619047618,1.7040952380952394,3.04638095238095,-0.437714285714286,-0.9747142857142876,1.1099999999999952,1.3492857142857124,-0.5773333333333355,0.7923476190476184,0.41992857142857104,-0.6437619047619044,0.2897952380952345,3.0537142857142823,1.6650476190476167,-0.8533571428571447,-0.0887142857142869,1.016047619047618,1.9623333333333288,2.0144761904761874,1.5614761904761871,1.8048571428571407,3.7562857142857085,-0.004540476190479275,1.4218095238095243,1.4193809523809489,2.5471904761904725,-0.9259119047619061
亚美尼亚,-0.9944285714285704,4.111809523809524,-7.8451904761904725,0.2675238095238058,2.3881285714285703,-1.69,1.1194761904761916,1.5189999999999986,1.4577142857142853,-0.5239523809523816,-2.090999999999998,-3.6295714285714293,3.1900761904761907,0.2145714285714271,-2.403380952380953,2.484619047619046,-1.711714285714287,1.0768095238095234,-1.0610476190476181,0.286190476190473,-2.1659999999999995,1.7353333333333334,4.376857142857145,1.3725714285714263,3.560380952380953,1.3848571428571441,3.1799095238095245,-2.443238095238094,-3.4892380952380915,-2.7525619047619045,-1.3513714285714291,0.5960000000000014,-2.1351904761904783,-4.190047619047615,1.6678571428571418,1.0543190476190498,9.676571428571425,-4.541604761904761,-0.9365238095238091,-9.487857142857143,7.339333333333332,3.04638095238095,9.042666666666664,-0.868714285714285,-0.6395714285714287,5.538571428571424,4.41785714285714,2.182095238095237,2.717747619047619,1.0618571428571417,-1.660047619047619,3.36368095238095,9.651999999999996,5.258047619047615,1.0066428571428563,-0.13128571428571803,3.7070476190476187,8.398619047619043,5.408619047619045,4.733047619047613,6.022999999999996,11.765857142857136,1.2558023809523768,3.883666666666668,4.638952380952377,7.668761904761901,-2.6137785714285773
格鲁吉亚,0.5216190476190481,-0.6140000000000013,0.24842857142857067,0.41171428571428725,-1.2454095238095249,0.23500000000000024,-0.44414285714285706,-0.43057142857142805,-0.1074285714285709,-0.4224285714285716,0.45585714285714346,0.3922857142857153,-0.2675142857142858,-0.06942857142857128,0.8622857142857144,-0.38885714285714207,-0.0005714285714296984,-0.13400000000000084,-0.7075714285714292,0.2978571428571436,0.3644285714285711,-0.4652857142857142,-1.142,-0.8162857142857141,-0.5311428571428574,-0.027428571428571615,0.21927142857142967,0.22899999999999976,0.4291428571428566,0.6662988095238085,-1.372242857142856,-0.5429999999999999,-0.7872857142857134,0.9112857142857114,0.6007142857142856,-0.8279571428571437,-0.5147142857142866,-1.0462928571428585,0.044571428571428706,0.2699999999999981,-1.349428571428571,-0.437714285714286,-0.868714285714285,1.551142857142856,-0.12128571428571547,-0.4364285714285712,-0.9664285714285712,-1.5034285714285718,-0.6364571428571434,-0.8080714285714299,0.24800000000000025,-1.1904714285714268,-0.8917142857142843,-0.3834285714285719,0.2667857142857151,-0.210428571428569,-0.961857142857143,-0.720142857142857,-0.09085714285714347,-0.3019999999999996,-1.773285714285713,-1.5297142857142851,0.16720000000000163,-1.0331428571428576,-0.5154285714285696,-0.5462857142857134,-1.1774976190476198
科索沃,1.6013333333333317,1.1527142857142858,-1.7395714285714279,1.082714285714284,2.807942857142856,-0.07857142857142847,0.588857142857142,0.5159999999999997,-0.05985714285714239,0.160142857142856,-0.9804285714285722,-0.49614285714285766,-2.0074571428571435,0.3539999999999999,0.027428571428573398,0.41014285714285553,-0.7732857142857121,-0.3872857142857138,1.5205714285714287,-0.7035714285714293,-0.38399999999999945,0.0465714285714283,0.40671428571428586,0.7231428571428589,-0.18657142857143005,-0.013428571428572542,-1.6404571428571428,-0.1655714285714286,-2.144571428571428,0.3738357142857143,0.33580000000000115,0.7514285714285711,0.6325714285714282,-0.35185714285714137,0.36142857142857143,-0.6883428571428573,0.7419999999999985,3.712271428571428,-1.0958571428571422,0.27857142857142997,0.08114285714285713,-0.9747142857142876,-0.6395714285714287,-0.12128571428571547,3.3774285714285694,2.596428571428571,0.6750000000000003,2.4960000000000004,0.3593476190476189,0.08850000000000229,0.2245714285714281,2.659414285714285,0.546571428571429,0.3652857142857142,1.3044285714285722,-0.29014285714285587,0.8412857142857129,1.5882857142857159,-0.5245714285714258,0.022428571428572037,1.4141428571428563,1.013785714285716,1.4898285714285726,0.6665714285714275,-0.046571428571428174,0.7224285714285715,1.000385714285715
摩尔多瓦,1.6414285714285701,5.899642857142854,-11.247857142857137,1.1946428571428553,7.544642857142854,-1.587142857142857,0.9071428571428577,2.4557142857142824,1.4171428571428568,-0.49428571428571577,-3.6371428571428557,-4.9278571428571425,1.32442857142857,0.9035714285714274,-2.4049999999999985,3.0521428571428557,-3.185714285714286,0.1942857142857136,1.7421428571428579,-0.6907142857142897,-2.2635714285714275,2.2964285714285704,2.8692857142857147,1.8914285714285706,3.589285714285714,0.5157142857142851,2.3232142857142857,-3.1828571428571406,-6.564999999999998,-1.559910714285713,-2.7754285714285722,1.21107142857143,-1.7078571428571443,-5.215571428571424,3.3364285714285713,-2.579071428571428,10.227857142857136,2.0625714285714256,-2.144285714285713,-6.94785714285714,4.830714285714283,1.1099999999999952,5.538571428571424,-0.4364285714285712,2.596428571428571,10.772857142857138,6.294285714285712,5.897142857142855,3.081071428571429,0.9671428571428585,-1.384285714285714,7.330499999999997,12.367142857142854,6.8164285714285695,5.1671428571428555,0.9814285714285691,6.177857142857141,11.484285714285711,4.969285714285718,6.101428571428568,9.671428571428567,14.886428571428562,6.0696071428571425,5.272142857142856,6.138571428571426,10.366428571428571,-2.383833333333337
乌克兰,0.1719047619047618,3.9785714285714264,-6.98285714285714,0.17749999999999788,4.683452380952382,-1.2721428571428568,0.5600000000000007,1.6235714285714267,1.0207142857142855,-0.21714285714285775,-2.215714285714285,-3.2857142857142865,1.7964285714285715,0.4885714285714277,-2.228571428571428,1.985714285714285,-1.6085714285714292,0.40714285714285736,0.9035714285714289,-0.32285714285714495,-1.5335714285714284,1.7549999999999994,2.3007142857142857,1.3264285714285706,2.80357142857143,0.3521428571428576,1.914214285714286,-2.1935714285714276,-3.759999999999998,-1.547642857142856,-1.3777142857142872,0.6565000000000014,-0.9557142857142867,-3.3595714285714253,1.7964285714285715,-0.7720714285714279,6.887857142857141,0.16564285714285681,-1.1307142857142851,-4.55285714285714,4.0021428571428554,1.3492857142857124,4.41785714285714,-0.9664285714285712,0.6750000000000003,6.294285714285712,4.574285714285714,4.208571428571427,2.279761904761906,1.0435714285714297,-1.2228571428571426,4.200785714285711,8.166428571428568,4.5578571428571415,3.176714285714285,0.4557142857142833,4.374285714285714,7.49285714285714,3.787142857142859,4.247857142857141,6.525714285714282,10.697499999999998,3.2015714285714285,3.9557142857142864,4.20642857142857,6.58,-1.2961904761904777
吉尔吉斯,0.5003809523809504,3.308666666666664,-4.53933333333333,-0.09740476190476391,7.345871428571429,-0.8085714285714278,1.278619047619047,1.807428571428569,0.4144285714285712,0.5191904761904751,-2.216142857142858,-1.8811428571428586,-1.1464809523809512,0.827571428571428,-2.3378095238095224,1.543476190476191,-0.7704285714285689,0.04723809523809716,2.957238095238094,-1.3809523809523823,-1.242571428571428,1.6670476190476187,2.3431428571428565,1.5345714285714296,1.918666666666667,-0.4334285714285713,-2.1468619047619053,-1.117238095238095,-3.4126666666666647,-0.6689678571428566,0.04479999999999658,1.3047142857142853,1.3270952380952359,-0.686476190476186,0.7085714285714296,-1.0633666666666655,3.3369999999999997,4.333902380952381,-1.2103809523809517,0.5492857142857154,2.4109047619047614,-0.5773333333333355,2.182095238095237,-1.5034285714285718,2.4960000000000004,5.897142857142855,4.208571428571427,8.555523809523807,2.1575142857142877,1.5202857142857185,-0.8144761904761906,4.99458095238095,4.217999999999999,2.7064761904761894,5.254785714285711,-0.25657142857143134,4.472476190476189,6.372333333333333,1.754833333333338,2.427904761904762,5.005571428571424,8.137,2.3901380952380946,3.8268095238095214,2.137238095238094,3.1471904761904783,1.4946833333333351
塔吉克斯坦,-0.03479841269841297,1.9911000000000014,-3.4772523809523834,0.06400476190476055,2.397305873015876,-0.6600238095238099,0.4745380952380957,0.8577285714285714,0.5172571428571431,-0.06812380952381042,-1.1680571428571433,-1.6389142857142882,0.82799142857143,0.24793809523809507,-1.1572476190476204,1.0994238095238107,-0.825723809523811,0.22531428571428588,0.46807619047619087,-0.20142857142857287,-0.858700000000001,0.9120904761904771,1.5361333333333342,0.7795380952380953,1.4587904761904784,0.19175714285714243,0.8280080952380974,-1.0878619047619058,-1.9554190476190483,-0.9044064285714289,-0.4042076190476207,0.4799285714285714,-0.364990476190478,-1.7778523809523805,0.7725000000000019,-0.11979571428571575,3.6008142857142875,-0.04735428571428599,-0.5527333333333335,-2.6772380952380956,2.4252000000000002,0.7923476190476184,2.717747619047619,-0.6364571428571434,0.3593476190476189,3.081071428571429,2.279761904761906,2.1575142857142877,1.2486384126984145,0.6326214285714296,-0.6301285714285721,2.2102885714285727,4.093852380952385,2.2625380952380976,1.3852452380952405,0.07890952380952325,2.153957142857145,3.849414285714288,1.9274857142857176,2.0518476190476207,3.279790476190479,5.386123809523813,1.2803283333333348,2.0852333333333344,2.125576190476193,3.2377761904761937,-0.5305664285714309
巴基斯坦,-0.3045000000000002,0.735214285714287,-0.5888571428571431,-0.3144285714285722,1.3776452380952424,-0.320357142857143,0.3806428571428577,0.36635714285714305,0.11942857142857097,0.3458571428571432,-0.5318571428571438,-0.5079285714285724,0.07282857142857062,0.11864285714285756,-0.7818571428571441,0.23621428571428604,0.008857142857143339,0.201285714285715,0.6262857142857164,-0.25428571428571595,-0.1682857142857149,0.3872857142857147,1.0267142857142864,0.5735000000000006,0.6545000000000002,0.0908571428571429,-0.32470714285714464,-0.26592857142857135,-0.6442142857142867,-0.481372619047619,0.49544285714285763,0.6732142857142863,0.6507857142857153,-0.626714285714284,-0.3085714285714288,0.8369785714285725,1.3884285714285718,0.652807142857147,-0.07442857142857201,-0.5289285714285688,1.4457857142857142,0.41992857142857104,1.0618571428571417,-0.8080714285714299,0.08850000000000229,0.9671428571428585,1.0435714285714297,1.5202857142857185,0.6326214285714296,0.7120714285714306,-0.2850714285714287,0.9144142857142876,0.908357142857143,0.5985000000000004,0.23775000000000138,-0.2287142857142871,1.0441428571428595,1.1561428571428582,0.47650000000000015,0.47778571428571387,1.3991428571428584,1.9562857142857162,0.04763214285714283,1.6394285714285726,0.44771428571428473,0.6517142857142858,0.7634988095238124
马耳他,0.23657142857142793,-1.0034761904761904,1.7542380952380952,-0.01311904761904652,-0.7325571428571434,0.4621428571428571,-0.09995238095238135,-0.3761428571428569,-0.35414285714285704,0.08419047619047632,0.4888571428571427,0.8824285714285716,-0.9286952380952382,-0.07814285714285685,0.6593333333333338,-0.5165238095238096,0.322428571428572,-0.18990476190476166,0.12438095238095197,-0.08238095238095199,0.4817142857142856,-0.48938095238095247,-0.7161428571428576,-0.2997142857142855,-0.927761904761905,-0.2355714285714287,-0.808004761904762,0.5820476190476193,0.8030476190476189,0.5898595238095237,0.5488000000000001,-0.061428571428571985,0.41352380952380946,0.9072380952380941,-0.4392857142857145,-0.19808095238095244,-2.045142857142857,0.7925095238095231,0.3196190476190474,1.6071428571428568,-1.428380952380952,-0.6437619047619044,-1.660047619047619,0.24800000000000025,0.2245714285714281,-1.384285714285714,-1.2228571428571426,-0.8144761904761906,-0.6301285714285721,-0.2850714285714287,0.48695238095238064,-0.7652761904761902,-2.246285714285714,-1.2549523809523806,-0.5442142857142859,0.01271428571428642,-1.076809523809524,-1.9205238095238095,-1.2494523809523808,-1.2192380952380948,-1.5765714285714285,-2.911571428571428,-0.5586833333333333,-1.1560476190476194,-1.2963333333333324,-1.7435238095238097,0.48344523809523937
乌拉圭,1.3445285714285695,3.8744238095238086,-7.24710476190476,1.123280952380951,6.19804571428571,-0.8579285714285707,1.0925333333333338,1.8904857142857117,0.8867428571428568,-0.1842095238095255,-2.6527285714285713,-3.1352999999999995,0.1499919047619038,0.7621571428571418,-1.6067523809523794,2.460719047619047,-2.4302285714285716,-0.013719047619047854,1.6594952380952381,-0.8425952380952412,-1.995371428571428,1.6237904761904751,2.2982000000000014,1.8771285714285713,2.1774952380952377,0.16002857142857077,0.8533323809523805,-2.082709523809523,-4.902009523809522,-1.1829334523809514,-0.806697142857143,1.1205999999999996,-0.5283904761904792,-3.9496904761904736,1.9263571428571429,-1.963420952380953,5.751399999999997,3.3072388095238066,-1.7025523809523797,-4.097499999999999,3.2112761904761893,0.2897952380952345,3.36368095238095,-1.1904714285714268,2.659414285714285,7.330499999999997,4.200785714285711,4.99458095238095,2.2102885714285727,0.9144142857142876,-0.7652761904761902,6.294249523809522,8.161599999999996,4.323247619047618,3.4421714285714256,0.9528285714285692,4.529447619047618,7.720276190476188,2.5626333333333373,3.6538904761904747,7.289757142857138,9.451042857142852,4.1408002380952365,3.265552380952379,4.391566666666663,6.663961904761902,-0.5451704761904786
阿根廷,0.8218571428571427,7.460285714285714,-15.312285714285713,1.2581428571428541,7.170161904761905,-2.2857142857142865,0.6415714285714303,3.003714285714282,2.3075714285714284,-1.4038571428571436,-4.046285714285712,-7.016285714285715,4.8547,0.8012857142857119,-3.1970000000000027,4.677571428571428,-4.371285714285718,0.6295714285714271,-0.22685714285714176,0.07928571428570987,-3.5855714285714284,3.286142857142857,3.7080000000000033,2.113714285714284,5.364571428571433,0.7875714285714303,6.729628571428574,-4.953142857142858,-7.693714285714282,-3.1722666666666646,-4.341885714285714,0.21207142857143294,-4.3201428571428595,-8.14628571428571,5.140714285714285,-3.4115999999999964,14.330999999999996,-2.1952571428571463,-2.258999999999999,-12.290714285714284,7.304142857142855,3.0537142857142823,9.651999999999996,-0.8917142857142843,0.546571428571429,12.367142857142854,8.166428571428568,4.217999999999999,4.093852380952385,0.908357142857143,-2.246285714285714,8.161599999999996,19.119714285714284,9.943714285714284,5.245714285714283,2.36171428571428,7.408142857142859,15.332714285714282,8.147714285714292,9.172999999999996,13.491,21.102785714285716,7.573985714285713,5.576857142857146,10.369571428571422,15.227285714285717,-5.367152380952388
巴西,0.464428571428572,4.248547619047618,-8.323380952380953,0.684619047619046,3.971895238095238,-1.279285714285714,0.389095238095239,1.6081428571428553,1.2808571428571427,-0.7524761904761913,-2.238285714285713,-3.7947142857142877,2.5604238095238094,0.45899999999999874,-1.8530476190476197,2.4010952380952375,-2.2411428571428593,0.5096190476190471,-0.1560952380952368,0.028809523809521235,-1.8318571428571429,1.7346666666666666,2.147428571428572,1.2145714285714277,2.9967619047619065,0.5894285714285712,3.4605190476190493,-2.6567619047619044,-4.152904761904761,-1.7596999999999996,-2.3181999999999996,0.25850000000000145,-2.0833809523809537,-4.37195238095238,2.589285714285715,-1.4354619047619053,7.952714285714283,-1.2224309523809536,-1.2206190476190466,-6.6064285714285695,4.244238095238092,1.6650476190476167,5.258047619047615,-0.3834285714285719,0.3652857142857142,6.8164285714285695,4.5578571428571415,2.7064761904761894,2.2625380952380976,0.5985000000000004,-1.2549523809523806,4.323247619047618,9.943714285714284,5.426952380952382,2.901999999999999,0.855571428571427,4.454380952380953,8.46495238095238,4.526738095238097,5.006238095238094,7.097714285714286,11.58307142857143,3.86494761904762,3.529190476190477,5.114619047619047,8.137666666666666,-2.7583761904761936
哥伦比亚,0.8822857142857132,2.4513571428571397,-5.053357142857141,0.09264285714285747,5.922759523809522,-0.4796428571428568,0.2488571428571427,1.4482142857142832,0.33335714285714274,-0.37671428571428545,-1.4540714285714282,-1.915785714285714,-0.18879999999999958,0.6752857142857134,-1.1556428571428574,1.684142857142858,-1.2160714285714287,-0.44442857142857184,1.7017857142857136,-0.8297142857142855,-1.1131428571428565,1.4984285714285708,0.13007142857142845,0.24307142857142852,1.3843571428571446,-1.1564999999999996,0.15180714285714245,-1.3992857142857142,-2.8926428571428553,0.06522321428571501,-2.083028571428574,-0.00942857142857019,-0.5482857142857162,-0.14114285714285468,2.544357142857143,-3.3624214285714276,2.7126428571428587,2.093124999999995,-0.8812857142857139,0.4755714285714274,-0.1483571428571425,-0.8533571428571447,1.0066428571428563,0.2667857142857151,1.3044285714285722,5.1671428571428555,3.176714285714285,5.254785714285711,1.3852452380952405,0.23775000000000138,-0.5442142857142859,3.4421714285714256,5.245714285714283,2.901999999999999,6.10512857142857,0.5097857142857114,2.995499999999997,6.096785714285711,2.2328214285714347,2.8202857142857147,4.1309285714285675,7.795357142857143,3.5594678571428573,1.5476428571428553,3.4331428571428564,3.6726428571428587,-1.2301452380952382
哥斯达黎加,0.23504761904761987,0.27007142857142635,-1.0891428571428545,0.10650000000000162,0.4167904761904736,0.10071428571428631,-0.2480000000000001,0.19985714285714148,0.15599999999999947,-0.1389999999999994,-0.10871428571428451,-0.5044285714285699,0.5904428571428548,0.0451428571428565,-0.012285714285713067,0.4638571428571417,-0.5330000000000004,-0.0310000000000009,-0.23099999999999957,0.05285714285714263,-0.2951428571428563,0.24242857142857013,-0.4494285714285731,-0.022285714285715384,0.14399999999999924,-0.16471428571428579,1.100871428571427,-0.49757142857142744,-0.34057142857142736,-0.11569761904761647,-0.598971428571429,-0.5007142857142856,-0.8805714285714297,-0.7752857142857135,0.7085714285714283,-1.609757142857143,0.2297142857142828,0.41414999999999946,0.020428571428571355,-0.35142857142856976,-0.5655714285714312,-0.0887142857142869,-0.13128571428571803,-0.210428571428569,-0.29014285714285587,0.9814285714285691,0.4557142857142833,-0.25657142857143134,0.07890952380952325,-0.2287142857142871,0.01271428571428642,0.9528285714285692,2.36171428571428,0.855571428571427,0.5097857142857114,1.7297142857142846,0.23899999999999744,0.8894285714285659,0.2476428571428569,0.8505714285714271,1.7304285714285668,0.9486428571428497,1.5695499999999987,-0.6661428571428591,1.2625714285714265,1.5891428571428534,-0.7148595238095243
多米尼加,0.5298095238095226,3.9466190476190484,-6.768666666666665,0.6444761904761888,4.581909523809523,-0.9907142857142857,0.6808095238095243,1.5112857142857126,1.0902857142857145,-0.4601904761904769,-2.2008571428571426,-3.034428571428573,1.5632523809523833,0.5822857142857132,-2.0384761904761906,1.9998095238095237,-1.766571428571429,0.614476190476192,0.5616190476190469,-0.3183333333333354,-1.6379999999999995,1.5698095238095233,2.144857142857144,1.6162857142857139,2.6323333333333356,0.47314285714285775,1.8594904761904785,-2.1916190476190476,-3.830333333333331,-1.6376916666666672,-1.1011857142857169,0.6286428571428574,-0.713666666666668,-3.9269523809523803,1.4371428571428568,-0.9088047619047611,5.771142857142857,0.7686976190476171,-1.2336190476190465,-4.249285714285715,3.800380952380952,1.016047619047618,3.7070476190476187,-0.961857142857143,0.8412857142857129,6.177857142857141,4.374285714285714,4.472476190476189,2.153957142857145,1.0441428571428595,-1.076809523809524,4.529447619047618,7.408142857142859,4.454380952380953,2.995499999999997,0.23899999999999744,5.316380952380954,7.292523809523808,3.4368095238095266,4.090095238095237,6.273285714285714,9.727571428571428,2.994204761904763,4.021476190476194,3.711619047619046,6.283666666666669,-1.0555976190476206
厄瓜多尔,0.8510476190476193,6.916690476190473,-13.407095238095234,0.9102619047619024,8.361342857142857,-1.9935714285714288,1.0828095238095248,2.9932857142857108,1.8455714285714282,-0.9513333333333337,-3.826714285714284,-5.918142857142858,2.970980952380951,0.9445714285714266,-3.069333333333334,4.114380952380951,-3.560285714285716,0.5256190476190464,0.7377619047619066,-0.5469047619047666,-3.088857142857142,3.009380952380952,3.868285714285716,2.0754285714285703,4.6570476190476215,0.5384285714285719,4.169219047619048,-3.994190476190474,-6.953047619047617,-2.4888833333333316,-3.187085714285716,0.9342857142857172,-2.431380952380954,-5.993809523809518,4.257142857142857,-2.495561904761903,12.35442857142857,-0.516116666666668,-2.0317619047619044,-9.343571428571426,6.537666666666664,1.9623333333333288,8.398619047619043,-0.720142857142857,1.5882857142857159,11.484285714285711,7.49285714285714,6.372333333333333,3.849414285714288,1.1561428571428582,-1.9205238095238095,7.720276190476188,15.332714285714282,8.46495238095238,6.096785714285711,0.8894285714285659,7.292523809523808,14.402666666666661,6.938380952380956,7.675666666666665,11.378714285714283,19.106214285714284,6.064754761904761,5.653190476190478,7.842761904761901,12.506380952380951,-3.732492857142861
墨西哥,-0.3081190476190451,3.4356190476190482,-6.943880952380958,0.34169047619047377,2.4863071428571506,-1.2685714285714287,0.22959523809523988,1.1811428571428582,1.1266428571428566,-0.7063333333333329,-1.5374285714285718,-3.133500000000003,2.844766666666666,0.2163571428571426,-1.8707619047619066,1.9086666666666678,-1.4895714285714328,0.6891904761904749,-0.7608095238095196,0.2663095238095208,-1.6517142857142868,1.427952380952382,2.0168571428571442,0.6747142857142849,2.70061904761905,0.7423571428571419,3.289326190476191,-2.248833333333334,-2.944833333333335,-1.7638624999999994,-2.099085714285715,-0.05582142857142588,-2.1828095238095244,-3.0646666666666658,2.1775000000000024,-0.4116690476190508,7.4415714285714305,-3.189598809523805,-0.8510476190476194,-6.211071428571428,4.294452380952378,2.0144761904761874,5.408619047619045,-0.09085714285714347,-0.5245714285714258,4.969285714285718,3.787142857142859,1.754833333333338,1.9274857142857176,0.47650000000000015,-1.2494523809523808,2.5626333333333373,8.147714285714292,4.526738095238097,2.2328214285714347,0.2476428571428569,3.4368095238095266,6.938380952380956,4.5726666666666675,4.272809523809523,5.111571428571433,10.227464285714293,2.332611904761909,2.7531904761904777,4.199547619047621,6.511738095238098,-2.7438321428571473
巴拿马,0.3227619047619054,3.9364047619047593,-7.688380952380949,0.48783333333333107,3.289538095238096,-1.1885714285714284,0.20909523809523875,1.4309999999999983,1.2079999999999995,-0.7867619047619048,-1.9875714285714265,-3.476142857142856,2.6664238095238084,0.38257142857142745,-1.735190476190476,2.166095238095237,-1.9797142857142866,0.4360476190476177,-0.19252380952380757,0.14380952380952147,-1.5939999999999994,1.6653809523809522,1.785285714285714,0.9831428571428555,2.823190476190477,0.4037142857142849,3.4035190476190476,-2.482476190476189,-3.6207619047619026,-1.6059083333333313,-2.2265571428571436,-0.06178571428571242,-2.101952380952381,-3.930523809523806,2.3971428571428577,-1.5673190476190482,6.954142857142852,-1.5183238095238085,-1.072047619047618,-5.849285714285709,3.6528095238095197,1.5614761904761871,4.733047619047613,-0.3019999999999996,0.022428571428572037,6.101428571428568,4.247857142857141,2.427904761904762,2.0518476190476207,0.47778571428571387,-1.2192380952380948,3.6538904761904747,9.172999999999996,5.006238095238094,2.8202857142857147,0.8505714285714271,4.090095238095237,7.675666666666665,4.272809523809523,4.776952380952378,6.354142857142856,10.60628571428571,3.4923404761904777,3.1377619047619048,4.72390476190476,7.451952380952378,-2.793590476190478
秘鲁,0.8329047619047608,5.7586428571428545,-10.532714285714283,0.7079285714285696,7.4521952380952365,-1.6949999999999996,0.7798571428571439,2.536999999999997,1.520285714285714,-0.39114285714285857,-3.3715714285714267,-5.187285714285716,2.6695857142857142,0.8108571428571414,-2.7387142857142854,3.397428571428571,-3.0765714285714307,0.38757142857142807,1.0582857142857143,-0.5250000000000035,-2.5094285714285713,2.578142857142856,2.9948571428571444,2.2734285714285707,3.938285714285717,0.33814285714285713,3.837657142857145,-3.527571428571428,-6.1727142857142825,-2.3033761904761896,-2.1181142857142876,1.1109285714285733,-1.542714285714289,-6.2115714285714265,3.177857142857144,-1.8069714285714276,10.153285714285714,1.4940785714285671,-1.743142857142856,-7.3757142857142854,5.427999999999997,1.8048571428571407,6.022999999999996,-1.773285714285713,1.4141428571428563,9.671428571428567,6.525714285714282,5.005571428571424,3.279790476190479,1.3991428571428584,-1.5765714285714285,7.289757142857138,13.491,7.097714285714286,4.1309285714285675,1.7304285714285668,6.273285714285714,11.378714285714283,5.111571428571433,6.354142857142856,11.308285714285711,15.706142857142854,6.009764285714285,5.501714285714286,7.37042857142857,10.684857142857144,-2.0070023809523856
玻利维亚,0.04921428571428658,9.400071428571424,-18.070571428571423,0.3893571428571397,11.003314285714287,-3.1264285714285713,1.0702142857142884,4.062357142857138,2.4884999999999993,-0.999357142857144,-5.012999999999997,-8.368000000000002,5.214585714285713,1.0272857142857124,-5.0733571428571445,5.280999999999999,-4.29764285714286,0.8661428571428575,1.2539999999999998,-0.6328571428571488,-4.1855,4.270999999999998,5.362357142857144,2.6859285714285703,6.674357142857147,1.0881428571428586,6.286264285714286,-5.5004285714285714,-8.848428571428569,-3.6913047619047603,-4.092757142857146,1.4054642857142898,-3.3873571428571463,-7.975785714285707,5.715714285714286,-2.0649357142857117,18.454357142857138,-2.110850000000003,-2.4592142857142854,-12.943571428571424,9.675142857142854,3.7562857142857085,11.765857142857136,-1.5297142857142851,1.013785714285716,14.886428571428562,10.697499999999998,8.137,5.386123809523813,1.9562857142857162,-2.911571428571428,9.451042857142852,21.102785714285716,11.58307142857143,7.795357142857143,0.9486428571428497,9.727571428571428,19.106214285714284,10.227464285714293,10.60628571428571,15.706142857142854,28.07435714285713,7.9094428571428566,7.913857142857143,11.137214285714283,17.325214285714285,-4.964466666666671
危地马拉,1.650080952380953,2.9078416666666653,-6.005233333333333,1.017323809523811,4.353009285714285,-0.6657857142857143,-0.10594523809523806,1.2202214285714266,0.7028428571428574,-0.5448238095238104,-1.7882785714285705,-2.7915285714285716,0.7171147619047604,0.5614214285714282,-0.7337309523809519,1.659247619047619,-2.0529214285714303,-0.19567619047619184,0.7278952380952389,-0.2677738095238109,-1.0975642857142853,1.1578904761904756,-0.01524285714285798,0.7119357142857142,1.6394309523809536,-0.2057642857142861,2.0655802380952384,-1.9523595238095235,-3.8016023809523807,-0.373154702380951,-2.8888728571428586,0.09920714285714433,-1.546376190476191,-2.93402619047619,2.7326071428571446,-3.043250238095238,4.816942857142855,2.1291823809523787,-1.2663666666666669,-2.6529642857142846,0.8023261904761883,-0.004540476190479275,1.2558023809523768,0.16720000000000163,1.4898285714285726,6.0696071428571425,3.2015714285714285,2.3901380952380946,1.2803283333333348,0.04763214285714283,-0.5586833333333333,4.1408002380952365,7.573985714285713,3.86494761904762,3.5594678571428573,1.5695499999999987,2.994204761904763,6.064754761904761,2.332611904761909,3.4923404761904777,6.009764285714285,7.9094428571428566,5.156258809523813,2.263938095238096,4.513252380952381,6.001876190476191,-1.8425736904761927
洪都拉斯,0.36733333333333285,3.4630238095238095,-4.305619047619047,0.10516666666666565,4.024590476190474,-1.3378571428571435,0.7291904761904766,1.0608571428571414,0.825428571428572,0.30804761904761696,-2.1562857142857137,-2.6912857142857165,0.8331761904761924,0.517,-1.9479523809523809,0.9694761904761904,-0.8384285714285713,0.7069523809523828,0.956238095238094,-0.22666666666666724,-0.4291428571428571,1.2159047619047618,2.4751428571428584,1.5815714285714266,2.7526666666666677,0.38542857142857234,0.6670095238095265,-1.7219523809523807,-3.571095238095238,-1.486165476190478,-1.2586000000000046,1.5674285714285707,0.5372380952380943,-3.319047619047617,0.4014285714285723,1.4074476190476204,6.521714285714286,1.1666952380952353,-0.9256666666666666,-3.824285714285717,4.700333333333334,1.4218095238095243,3.883666666666668,-1.0331428571428576,0.6665714285714275,5.272142857142856,3.9557142857142864,3.8268095238095214,2.0852333333333344,1.6394285714285726,-1.1560476190476194,3.265552380952379,5.576857142857146,3.529190476190477,1.5476428571428553,-0.6661428571428591,4.021476190476194,5.653190476190478,2.7531904761904777,3.1377619047619048,5.501714285714286,7.913857142857143,2.263938095238096,6.586380952380955,2.8933809523809515,4.284190476190478,0.4131928571428556
巴拉圭,0.4607619047619047,3.3820952380952374,-7.5167619047619025,0.8935238095238072,4.168433333333333,-1.205714285714285,0.2431904761904774,1.5712857142857124,1.185999999999999,-0.9228095238095237,-2.025142857142855,-3.6108571428571423,2.657776190476191,0.5237142857142845,-1.4946666666666686,2.740761904761905,-2.453000000000004,-0.007190476190479497,-0.16004761904761688,0.09190476190476046,-2.258714285714285,1.8964761904761902,1.299857142857144,1.0427142857142842,2.875666666666668,-0.18257142857142888,3.7623952380952375,-2.7170952380952373,-4.376523809523807,-1.6223047619047601,-3.1056857142857135,-0.15628571428571292,-2.4989047619047624,-4.2590476190476165,3.2021428571428574,-2.4409952380952387,6.724714285714283,-0.9402904761904788,-1.4926666666666655,-5.709285714285713,3.1734761904761872,1.4193809523809489,4.638952380952377,-0.5154285714285696,-0.046571428571428174,6.138571428571426,4.20642857142857,2.137238095238094,2.125576190476193,0.44771428571428473,-1.2963333333333324,4.391566666666663,10.369571428571422,5.114619047619047,3.4331428571428564,1.2625714285714265,3.711619047619046,7.842761904761901,4.199547619047621,4.72390476190476,7.37042857142857,11.137214285714283,4.513252380952381,2.8933809523809515,7.250666666666664,7.554619047619046,-2.830776190476195
萨尔瓦多,0.7653809523809516,6.296404761904761,-12.982666666666665,0.997833333333331,5.3905380952380995,-1.8121428571428584,0.5019523809523825,2.5295714285714266,1.9151428571428568,-1.159619047619048,-3.4861428571428554,-5.788285714285717,3.9424238095238087,0.6025714285714269,-2.5173333333333345,3.6596666666666655,-3.749000000000003,0.4839047619047602,0.10247619047619264,0.02380952380951774,-2.792571428571429,2.5789523809523813,3.253142857142859,1.8617142857142843,4.247476190476193,1.1801428571428572,5.447804761904764,-3.8203333333333327,-6.113619047619046,-2.4046702380952363,-3.094128571428572,0.510285714285718,-3.364095238095239,-7.108666666666662,4.010714285714287,-2.5344619047619035,12.026999999999996,-1.6371095238095268,-1.8270476190476181,-10.595714285714282,5.986380952380951,2.5471904761904725,7.668761904761901,-0.5462857142857134,0.7224285714285715,10.366428571428571,6.58,3.1471904761904783,3.2377761904761937,0.6517142857142858,-1.7435238095238097,6.663961904761902,15.227285714285717,8.137666666666666,3.6726428571428587,1.5891428571428534,6.283666666666669,12.506380952380951,6.511738095238098,7.451952380952378,10.684857142857144,17.325214285714285,6.001876190476191,4.284190476190478,7.554619047619046,13.171238095238092,-4.59948333333334
南非,-0.2484142857142862,-1.531204761904763,4.659530952380959,-0.4904666666666682,0.5077716666666673,0.36917857142857297,0.43074285714285593,-0.4124357142857149,-0.7179738095238111,1.2462047619047618,0.5218261904761899,1.7510880952380978,-2.2786076190476217,0.013447619047620013,0.020254761904763805,-1.2382952380952397,1.426016666666671,-0.05199047619047484,1.3731642857142872,-0.6555952380952379,0.8199333333333356,-0.6499857142857153,-0.008030952380955964,0.31739761904761954,-1.1460738095238137,-0.16928333333333614,-3.4280683333333384,1.3959904761904771,1.2631976190476204,0.5391427976190494,2.321368095238096,1.0906071428571409,2.777733333333337,2.0403666666666713,-2.2161309523809543,2.2179002380952384,-3.2868595238095324,3.4933265476190565,0.31650952380952474,4.368833333333343,-0.7813738095238141,-0.9259119047619061,-2.6137785714285773,-1.1774976190476198,1.000385714285715,-2.383833333333337,-1.2961904761904777,1.4946833333333351,-0.5305664285714309,0.7634988095238124,0.48344523809523937,-0.5451704761904786,-5.367152380952388,-2.7583761904761936,-1.2301452380952382,-0.7148595238095243,-1.0555976190476206,-3.732492857142861,-2.7438321428571473,-2.793590476190478,-2.0070023809523856,-4.964466666666671,-1.8425736904761927,0.4131928571428556,-2.830776190476195,-4.59948333333334,3.8245818253968342
